{"cameraMode":{"drawMode":0,"name":"Shaded","section":"Shading Mode"},"sceneLighting":true,"audioPlay":false,"sceneViewState":{"showFog":true,"showMaterialUpdate":false,"showSkybox":true,"showFlares":true,"showImageEffects":true,"showParticleSystems":true},"in2DMode":false,"pivot":{"x":49.53361511230469,"y":5.136781215667725,"z":54.45812225341797},"rotation":{"x":0.03378583490848541,"y":0.9599730372428894,"z":-0.24441592395305634,"w":0.13269075751304627},"size":2.818066358566284,"orthographic":false}