{"cameraMode":{"drawMode":0,"name":"Shaded","section":"Shading Mode"},"sceneLighting":true,"audioPlay":false,"sceneViewState":{"showFog":true,"showMaterialUpdate":false,"showSkybox":true,"showFlares":true,"showImageEffects":true,"showParticleSystems":true},"in2DMode":false,"pivot":{"x":43.809574127197269,"y":5.432374000549316,"z":58.972259521484378},"rotation":{"x":-0.013445336371660233,"y":0.985287606716156,"z":-0.1431826502084732,"w":-0.09253982454538346},"size":1.2048108577728272,"orthographic":false}