{"cameraMode":{"drawMode":0,"name":"Shaded","section":"Shading Mode"},"sceneLighting":false,"audioPlay":false,"sceneViewState":{"showFog":true,"showMaterialUpdate":false,"showSkybox":false,"showFlares":true,"showImageEffects":true,"showParticleSystems":true},"in2DMode":false,"pivot":{"x":20.001794815063478,"y":6.9147629737854,"z":97.26698303222656},"rotation":{"x":-0.03357844799757004,"y":0.18722273409366609,"z":0.006402677856385708,"w":0.9817396402359009},"size":3.557215929031372,"orthographic":false}